{"epoch": [0, 1, 2, 3, 4, 5, 6, 7, 8, 9, 10, 11, 12, 13, 14, 15, 16, 17, 18, 19, 20, 21, 22, 23, 24, 25, 26, 27, 28, 29, 30, 31, 32, 33, 34, 35, 36, 37, 38, 39, 40, 41, 42, 43, 44, 45, 46, 47, 48, 49, 50, 51, 52, 53, 54], "loss": [2.9526255130767822, 2.7443761825561523, 2.5584754943847656, 2.45646333694458, 2.393566608428955, 2.3509976863861084, 2.3183648586273193, 2.2916553020477295, 2.271421432495117, 2.252887487411499, 2.2372498512268066, 2.2254974842071533, 2.215935468673706, 2.2049171924591064, 2.194074869155884, 2.1854515075683594, 2.1775896549224854, 2.17156720161438, 2.166243553161621, 2.160130262374878, 2.1547939777374268, 2.1486458778381348, 2.1454081535339355, 2.1697757244110107, 2.1570565700531006, 2.142839193344116, 2.137153387069702, 2.145803689956665, 2.130418062210083, 2.1233761310577393, 2.117314577102661, 2.1452066898345947, 2.115891456604004, 2.1032650470733643, 2.0976336002349854, 2.0897560119628906, 2.084585666656494, 2.0835626125335693, 2.0768020153045654, 2.075880527496338, 2.0730063915252686, 2.0733249187469482, 2.070497512817383, 2.0686657428741455, 2.0656681060791016, 2.064481258392334, 2.064783811569214, 2.0635945796966553, 2.0608747005462646, 2.061777353286743, 2.060438394546509, 2.059983015060425, 2.059400796890259, 2.0579278469085693, 2.058856248855591], "accuracy": [0.18870759010314941, 0.2399214208126068, 0.2890913486480713, 0.3164820969104767, 0.33312517404556274, 0.3443872928619385, 0.3533119857311249, 0.360461562871933, 0.3659190833568573, 0.371045857667923, 0.3755238950252533, 0.3784268796443939, 0.3815455436706543, 0.3842751979827881, 0.3875206410884857, 0.3899742662906647, 0.39221253991127014, 0.39373674988746643, 0.3953155279159546, 0.39600348472595215, 0.39830538630485535, 0.3997909426689148, 0.4007263779640198, 0.3943120241165161, 0.3967997133731842, 0.4009551703929901, 0.4026484191417694, 0.399975061416626, 0.4044956564903259, 0.40695276856422424, 0.4083559811115265, 0.3994380831718445, 0.40869906544685364, 0.4124845862388611, 0.4142152667045593, 0.41611748933792114, 0.4180752635002136, 0.4184042513370514, 0.4206410348415375, 0.4206738770008087, 0.42162445187568665, 0.4216562807559967, 0.4223816692829132, 0.423288494348526, 0.4236302673816681, 0.4242292046546936, 0.42413461208343506, 0.4247376620769501, 0.4255264401435852, 0.4250498116016388, 0.4258127510547638, 0.4257764220237732, 0.42621874809265137, 0.4264633059501648, 0.4261738061904907], "val_loss": [2.8744900226593018, 2.6415462493896484, 2.513737440109253, 2.441316843032837, 2.3922009468078613, 2.3667006492614746, 2.3438286781311035, 2.3323371410369873, 2.315661668777466, 2.3152220249176025, 2.30023193359375, 2.2971622943878174, 2.2908122539520264, 2.293288230895996, 2.27777099609375, 2.2815983295440674, 2.2804954051971436, 2.2767720222473145, 2.278656244277954, 2.2758588790893555, 2.278658151626587, 2.287768840789795, 2.2770297527313232, 2.2683794498443604, 2.260810136795044, 2.260486364364624, 2.2618424892425537, 2.2639384269714355, 2.2695631980895996, 2.2668638229370117, 2.2619521617889404, 2.262373447418213, 2.2590205669403076, 2.2579801082611084, 2.26053786277771, 2.263214111328125, 2.2659764289855957, 2.269277572631836, 2.2824716567993164, 2.2825305461883545, 2.284818172454834, 2.2843692302703857, 2.285672903060913, 2.2894065380096436, 2.277280569076538, 2.3028907775878906, 2.2877566814422607, 2.305410146713257, 2.30021071434021, 2.2948997020721436, 2.307807683944702, 2.301776647567749, 2.301177978515625, 2.3082127571105957, 2.308443784713745], "val_accuracy": [0.20759467780590057, 0.26577240228652954, 0.3004849851131439, 0.320049524307251, 0.33146220445632935, 0.3387679159641266, 0.3483644425868988, 0.3514188230037689, 0.35406047105789185, 0.3552987277507782, 0.3606232702732086, 0.36087092757225037, 0.363429993391037, 0.36256322264671326, 0.36724796891212463, 0.36722734570503235, 0.3662160634994507, 0.36714476346969604, 0.36636054515838623, 0.3673717975616455, 0.370673805475235, 0.3686513602733612, 0.37104532122612, 0.37238675355911255, 0.3707563877105713, 0.3727376163005829, 0.3727169632911682, 0.37504902482032776, 0.37418225407600403, 0.3755236566066742, 0.37643173336982727, 0.3750283718109131, 0.3764936625957489, 0.37861934304237366, 0.37504902482032776, 0.376679390668869, 0.3784542679786682, 0.3799608051776886, 0.37874317169189453, 0.37963056564331055, 0.37930041551589966, 0.37882572412490845, 0.37940359115600586, 0.3792591094970703, 0.38088950514793396, 0.37841296195983887, 0.381735622882843, 0.38072440028190613, 0.379589319229126, 0.38041481375694275, 0.38051801919937134, 0.3809720575809479, 0.3806625008583069, 0.38111650943756104, 0.3803735375404358]}