{"epoch": [0, 1, 2, 3, 4, 5, 6, 7, 8, 9, 10, 11, 12, 13, 14, 15, 16, 17, 18, 19, 20, 21, 22, 23, 24, 25, 26, 27, 28, 29, 30, 31, 32, 33, 34, 35, 36, 37, 38, 39, 40, 41, 42, 43, 44, 45, 46, 47, 48, 49, 50, 51, 52, 53, 54, 55, 56, 57, 58, 59, 60, 61, 62, 63, 64, 65, 66, 67, 68, 69, 70, 71, 72, 73, 74, 75, 76, 77, 78, 79, 80, 81, 82, 83, 84, 85, 86, 87, 88, 89, 90, 91, 92, 93, 94, 95, 96, 97, 98, 99, 100, 101, 102, 103, 104, 105, 106, 107, 108, 109, 110, 111, 112, 113, 114, 115, 116, 117, 118, 119, 120, 121, 122, 123, 124, 125, 126, 127, 128, 129, 130, 131, 132, 133, 134, 135, 136, 137, 138, 139, 140, 141, 142, 143, 144], "loss": [2.4126930236816406, 2.1221022605895996, 2.065211772918701, 2.040191173553467, 2.0244839191436768, 2.013474225997925, 2.0052249431610107, 1.9971674680709839, 1.990370750427246, 1.984702467918396, 1.9802204370498657, 1.9752682447433472, 1.9702202081680298, 1.9660780429840088, 1.9628938436508179, 1.9588755369186401, 1.955859661102295, 1.9524364471435547, 1.95036780834198, 1.9468519687652588, 1.9451045989990234, 1.9425742626190186, 1.9382282495498657, 1.9368399381637573, 1.9333621263504028, 1.9315239191055298, 1.9295473098754883, 1.9274945259094238, 1.9245694875717163, 2.0339841842651367, 1.9819339513778687, 1.9641814231872559, 1.9558992385864258, 1.9497963190078735, 1.9442391395568848, 1.9395617246627808, 1.9348994493484497, 1.9425853490829468, 1.9288108348846436, 1.923599362373352, 1.9210717678070068, 1.9191186428070068, 1.9129528999328613, 1.9131571054458618, 1.9104423522949219, 1.909151315689087, 1.9065258502960205, 1.904521107673645, 1.9026981592178345, 1.9027036428451538, 1.899094820022583, 1.8985730409622192, 1.8966178894042969, 1.8942190408706665, 1.8940507173538208, 1.8934261798858643, 1.891963243484497, 1.890061616897583, 1.8864721059799194, 1.8887344598770142, 1.8862570524215698, 1.8839950561523438, 1.8861865997314453, 1.8811308145523071, 1.8793514966964722, 1.8820003271102905, 1.8795799016952515, 1.8779436349868774, 1.876130223274231, 1.8752497434616089, 1.8765153884887695, 1.8737736940383911, 1.871691346168518, 1.8725616931915283, 1.8724234104156494, 1.8711521625518799, 1.8687442541122437, 1.8694709539413452, 1.8678324222564697, 1.866295337677002, 1.8681573867797852, 1.8663820028305054, 1.8645446300506592, 1.8627644777297974, 1.8648197650909424, 1.8619744777679443, 1.86123526096344, 1.8619370460510254, 1.864192008972168, 1.8577550649642944, 1.8590677976608276, 1.931697964668274, 1.8896474838256836, 1.8760541677474976, 1.8683675527572632, 1.863563060760498, 1.8596440553665161, 1.856911540031433, 1.854646921157837, 1.8525720834732056, 1.8509563207626343, 1.8505038022994995, 1.84784996509552, 1.8474719524383545, 1.8457245826721191, 1.8450042009353638, 1.8448190689086914, 1.8437025547027588, 1.8431727886199951, 1.841831088066101, 1.8408150672912598, 1.8409035205841064, 1.839951515197754, 1.839920163154602, 1.8389184474945068, 1.8392534255981445, 1.8375169038772583, 1.8366628885269165, 1.8361634016036987, 1.8369778394699097, 1.8370182514190674, 1.8357207775115967, 1.833884358406067, 1.8354495763778687, 1.8337783813476562, 1.833906888961792, 1.8334342241287231, 1.8330914974212646, 1.8318984508514404, 1.8317161798477173, 1.8319967985153198, 1.831717610359192, 1.8309053182601929, 1.8313785791397095, 1.8302127122879028, 1.8302439451217651, 1.8295613527297974, 1.829663872718811, 1.8293100595474243, 1.82814359664917, 1.8282402753829956, 1.9344451427459717, 1.8752926588058472, 1.8625712394714355, 1.856830358505249], "accuracy": [0.0450146459043026, 0.11753494292497635, 0.1472661793231964, 0.16042467951774597, 0.1695016771554947, 0.17649520933628082, 0.1810707002878189, 0.186833456158638, 0.19042234122753143, 0.1938665509223938, 0.19661469757556915, 0.19895057380199432, 0.2022959589958191, 0.20518435537815094, 0.2072315365076065, 0.2108248919248581, 0.21150994300842285, 0.21383877098560333, 0.21438944339752197, 0.21748502552509308, 0.21840021014213562, 0.22033900022506714, 0.22282400727272034, 0.22262008488178253, 0.2256213128566742, 0.2257971465587616, 0.22829805314540863, 0.2275167852640152, 0.2306409478187561, 0.1444791555404663, 0.17855316400527954, 0.19043827056884766, 0.19781410694122314, 0.20130936801433563, 0.20617985725402832, 0.20725004374980927, 0.21381136775016785, 0.20520801842212677, 0.21626640856266022, 0.22026127576828003, 0.2229820340871811, 0.22410441935062408, 0.23019425570964813, 0.228197380900383, 0.23046958446502686, 0.23090995848178864, 0.23231400549411774, 0.23488633334636688, 0.23511506617069244, 0.23493409156799316, 0.23771922290325165, 0.2384674996137619, 0.23816922307014465, 0.24107611179351807, 0.24023865163326263, 0.2400391697883606, 0.24106465280056, 0.2425108253955841, 0.24539852142333984, 0.24273325502872467, 0.24493776261806488, 0.24560828506946564, 0.24202384054660797, 0.24782171845436096, 0.2491161823272705, 0.24494221806526184, 0.2467847615480423, 0.24840936064720154, 0.24880385398864746, 0.24910026788711548, 0.2470874935388565, 0.24957574903964996, 0.251081645488739, 0.2490951120853424, 0.24881720542907715, 0.2495935708284378, 0.25128886103630066, 0.2504221498966217, 0.2517910599708557, 0.25167959928512573, 0.2497834414243698, 0.25078409910202026, 0.2533468008041382, 0.2537686824798584, 0.25087398290634155, 0.25378087162971497, 0.25484004616737366, 0.2527521252632141, 0.2490307241678238, 0.2557699978351593, 0.25356221199035645, 0.21677564084529877, 0.24000848829746246, 0.24955399334430695, 0.2547948658466339, 0.2591058015823364, 0.26257482171058655, 0.2643314599990845, 0.26550793647766113, 0.2682216763496399, 0.2690151035785675, 0.2678941488265991, 0.27045756578445435, 0.27108970284461975, 0.27248483896255493, 0.27236825227737427, 0.27191123366355896, 0.27382707595825195, 0.27244341373443604, 0.2724122703075409, 0.2739443778991699, 0.2739092707633972, 0.27398768067359924, 0.2746867835521698, 0.2742649018764496, 0.2736964523792267, 0.27499091625213623, 0.2759149968624115, 0.2762891352176666, 0.27402397990226746, 0.27337709069252014, 0.2748136818408966, 0.27755552530288696, 0.274595707654953, 0.27578505873680115, 0.27564671635627747, 0.2757836580276489, 0.27608007192611694, 0.2775925099849701, 0.277193546295166, 0.2764471769332886, 0.27663516998291016, 0.27702850103378296, 0.27481624484062195, 0.2766396403312683, 0.27613040804862976, 0.276997834444046, 0.2760711908340454, 0.27654337882995605, 0.2779455780982971, 0.27776458859443665, 0.18146005272865295, 0.22446638345718384, 0.23531712591648102, 0.24149800837039948],